"Date (YYYY-MM-DD)","Day","Period Slot","Timing","Subject Name","Faculty Name","Batch / Set","Classroom","Count"
"'2026-09-25","Friday","L1","09:00 - 09:55","Computational & Quantum Physics Lab","Dr. Prosenjit Sarkar","Set-A","Physics Lab (E-106)","1"
"'2026-09-25","Friday","L1","09:00 - 09:55","Self Study","-","Set-B","-","1"
"'2026-09-25","Friday","L2","09:55 - 10:50","Computational & Quantum Physics Lab","Dr. Prosenjit Sarkar","Set-A","Physics Lab (E-106)","1"
"'2026-09-25","Friday","L2","09:55 - 10:50","Self Study","-","Set-B","-","1"
"'2026-09-25","Friday","L3","10:50 - 11:45","Computational Mathematics for Intelligent Systems","Dr. Monika","ALL","A-108","1"
"'2026-09-25","Friday","L4","11:45 - 12:40","Lunch Break","-","ALL","-","1"
"'2026-09-25","Friday","L5","12:40 - 01:35","Computational & Quantum Physics","Dr. Prosenjit Sarkar","ALL","A-109","1"
"'2026-09-25","Friday","L6","01:35 - 02:30","Fundamentals of Intelligent & Autonomous Systems","Mr. Ankur Jain","ALL","A-302","1"
"'2026-09-25","Friday","L7","02:30 - 03:25","Mentor Mentee Meeting (Set-M1)","Mr. Shivam","Set-A","A-009","1"
"'2026-09-25","Friday","L7","02:30 - 03:25","Mentor Mentee Meeting (Set-M2)","Mr. Vishal Parmar","Set-B","A-011","1"
"'2026-09-25","Friday","L8","03:25 - 04:20","Front-End Web Development","Mrs. Shilpy Sharma","ALL","A-108","1"
"'2026-09-26","Saturday","L1","09:00 - 09:55","Front-End Web Development","Mrs. Shilpy Sharma","ALL","A-108","1"
"'2026-09-26","Saturday","L2","09:55 - 10:50","Computational & Quantum Physics","Dr. Prosenjit Sarkar","ALL","A-109","1"
"'2026-09-26","Saturday","L3","10:50 - 11:45","Computational Mathematics for Intelligent Systems","Dr. Monika","ALL","A-108","1"
"'2026-09-26","Saturday","L4","11:45 - 12:40","Lunch Break","-","ALL","-","1"
"'2026-09-26","Saturday","L5","12:40 - 01:35","Fundamentals of Intelligent & Autonomous Systems","Mr. Ankur Jain","ALL","A-108","1"
"'2026-09-26","Saturday","L6","01:35 - 02:30","Technical Training - Advance Programming in C","Mr. Rahul Panda","ALL","A-108","1"
"'2026-09-26","Saturday","L7","02:30 - 03:25","PROPS","PROPS Activity Coordinator","ALL","-","1"
"'2026-09-26","Saturday","L8","03:25 - 04:20","PROPS","PROPS Activity Coordinator","ALL","-","1"
"'2026-09-28","Monday","L1","09:00 - 09:55","Technical Training - Advance Programming in C","Mr. Rahul Panda","ALL","A-108","1"
"'2026-09-28","Monday","L2","09:55 - 10:50","Environmental Studies-I","Mr. Akash Saini","ALL","A-108","1"
"'2026-09-28","Monday","L3","10:50 - 11:45","Basics of Computer and C Programming","Mrs. Ankita Singh Rana","ALL","A-108","1"
"'2026-09-28","Monday","L4","11:45 - 12:40","Lunch Break","-","ALL","-","1"
"'2026-09-28","Monday","L5","12:40 - 01:35","Slow & Fast Learner Classes","Section-D Faculty","ALL","-","1"
"'2026-09-28","Monday","L6","01:35 - 02:30","Environmental Studies-I","Mr. Akash Saini","ALL","A-108","1"
"'2026-09-28","Monday","L7","02:30 - 03:25","Communication & Professional Skills -I","Ms. Manvi Tyagi","ALL","A-108","1"
"'2026-09-28","Monday","L8","03:25 - 04:20","Mini Project-I","Mr. Rahul Panda","ALL","A-108","1"
"'2026-09-29","Tuesday","L1","09:00 - 09:55","Computational & Quantum Physics","Dr. Prosenjit Sarkar","ALL","A-108","1"
"'2026-09-29","Tuesday","L2","09:55 - 10:50","Self Study","-","Set-A","-","1"
"'2026-09-29","Tuesday","L2","09:55 - 10:50","Communication & Professional Skills -I","Ms. Manvi Tyagi","Set-B","B-302","1"
"'2026-09-29","Tuesday","L3","10:50 - 11:45","Basics of Computer and C Programming","Mrs. Ankita Singh Rana","ALL","A-108","1"
"'2026-09-29","Tuesday","L4","11:45 - 12:40","Lunch Break","-","ALL","-","1"
"'2026-09-29","Tuesday","L5","12:40 - 01:35","Basics of Computer and C Programming Lab","Mrs. Ankita Singh Rana","Set-A","E-303","1"
"'2026-09-29","Tuesday","L5","12:40 - 01:35","Front-End Web Development Lab","Mrs. Shilpy Sharma","Set-B","B-303","1"
"'2026-09-29","Tuesday","L6","01:35 - 02:30","Basics of Computer and C Programming Lab","Mrs. Ankita Singh Rana","Set-A","E-303","1"
"'2026-09-29","Tuesday","L6","01:35 - 02:30","Front-End Web Development Lab","Mrs. Shilpy Sharma","Set-B","B-303","1"
"'2026-09-29","Tuesday","L7","02:30 - 03:25","Computational Mathematics for Intelligent Systems","Dr. Monika","ALL","A-108","1"
"'2026-09-29","Tuesday","L8","03:25 - 04:20","Communication & Professional Skills -I","Ms. Manvi Tyagi","ALL","A-108","1"
"'2026-09-30","Wednesday","L1","09:00 - 09:55","Front-End Web Development Lab","Mrs. Shilpy Sharma","Set-A","E-307","1"
"'2026-09-30","Wednesday","L1","09:00 - 09:55","Computational & Quantum Physics Lab","Dr. Prosenjit Sarkar","Set-B","Physics Lab (E-106)","1"
"'2026-09-30","Wednesday","L2","09:55 - 10:50","Front-End Web Development Lab","Mrs. Shilpy Sharma","Set-A","E-307","1"
"'2026-09-30","Wednesday","L2","09:55 - 10:50","Computational & Quantum Physics Lab","Dr. Prosenjit Sarkar","Set-B","Physics Lab (E-106)","1"
"'2026-09-30","Wednesday","L3","10:50 - 11:45","Basics of Computer and C Programming","Mrs. Ankita Singh Rana","ALL","A-108","1"
"'2026-09-30","Wednesday","L4","11:45 - 12:40","Lunch Break","-","ALL","-","1"
"'2026-09-30","Wednesday","L5","12:40 - 01:35","Self Study","-","Set-A","-","1"
"'2026-09-30","Wednesday","L5","12:40 - 01:35","Basics of Computer and C Programming Lab","Mrs. Ankita Singh Rana","Set-B","E-303","1"
"'2026-09-30","Wednesday","L6","01:35 - 02:30","Self Study","-","Set-A","-","1"
"'2026-09-30","Wednesday","L6","01:35 - 02:30","Basics of Computer and C Programming Lab","Mrs. Ankita Singh Rana","Set-B","E-303","1"
"'2026-09-30","Wednesday","L7","02:30 - 03:25","PROPS","PROPS Activity Coordinator","ALL","-","1"
"'2026-09-30","Wednesday","L8","03:25 - 04:20","PROPS","PROPS Activity Coordinator","ALL","-","1"
"'2026-10-01","Thursday","L1","09:00 - 09:55","Front-End Web Development","Mrs. Shilpy Sharma","ALL","A-108","1"
"'2026-10-01","Thursday","L2","09:55 - 10:50","Communication & Professional Skills -I","Ms. Manvi Tyagi","Set-A","B-302","1"
"'2026-10-01","Thursday","L2","09:55 - 10:50","Self Study","-","Set-B","-","1"
"'2026-10-01","Thursday","L3","10:50 - 11:45","Fundamentals of Intelligent & Autonomous Systems","Mr. Ankur Jain","ALL","A-108","1"
"'2026-10-01","Thursday","L4","11:45 - 12:40","Lunch Break","-","ALL","-","1"
"'2026-10-01","Thursday","L5","12:40 - 01:35","Computational Mathematics for Intelligent Systems","Dr. Monika","ALL","A-108","1"
"'2026-10-01","Thursday","L6","01:35 - 02:30","Computational & Quantum Physics","Dr. Prosenjit Sarkar","ALL","A-108","1"
"'2026-10-01","Thursday","L7","02:30 - 03:25","Free Period","-","ALL","-","1"
"'2026-10-01","Thursday","L8","03:25 - 04:20","Technical Training - Advance Programming in C","Mr. Rahul Panda","ALL","A-108","1"
"'2026-10-02","Friday","L1","09:00 - 09:55","Computational & Quantum Physics Lab","Dr. Prosenjit Sarkar","Set-A","Physics Lab (E-106)","1"
"'2026-10-02","Friday","L1","09:00 - 09:55","Self Study","-","Set-B","-","1"
"'2026-10-02","Friday","L2","09:55 - 10:50","Computational & Quantum Physics Lab","Dr. Prosenjit Sarkar","Set-A","Physics Lab (E-106)","1"
"'2026-10-02","Friday","L2","09:55 - 10:50","Self Study","-","Set-B","-","1"
"'2026-10-02","Friday","L3","10:50 - 11:45","Computational Mathematics for Intelligent Systems","Dr. Monika","ALL","A-108","1"
"'2026-10-02","Friday","L4","11:45 - 12:40","Lunch Break","-","ALL","-","1"
"'2026-10-02","Friday","L5","12:40 - 01:35","Computational & Quantum Physics","Dr. Prosenjit Sarkar","ALL","A-109","1"
"'2026-10-02","Friday","L6","01:35 - 02:30","Fundamentals of Intelligent & Autonomous Systems","Mr. Ankur Jain","ALL","A-302","1"
"'2026-10-02","Friday","L7","02:30 - 03:25","Mentor Mentee Meeting (Set-M1)","Mr. Shivam","Set-A","A-009","1"
"'2026-10-02","Friday","L7","02:30 - 03:25","Mentor Mentee Meeting (Set-M2)","Mr. Vishal Parmar","Set-B","A-011","1"
"'2026-10-02","Friday","L8","03:25 - 04:20","Front-End Web Development","Mrs. Shilpy Sharma","ALL","A-108","1"
"'2026-10-03","Saturday","L1","09:00 - 09:55","Front-End Web Development","Mrs. Shilpy Sharma","ALL","A-108","1"
"'2026-10-03","Saturday","L2","09:55 - 10:50","Computational & Quantum Physics","Dr. Prosenjit Sarkar","ALL","A-109","1"
"'2026-10-03","Saturday","L3","10:50 - 11:45","Computational Mathematics for Intelligent Systems","Dr. Monika","ALL","A-108","1"
"'2026-10-03","Saturday","L4","11:45 - 12:40","Lunch Break","-","ALL","-","1"
"'2026-10-03","Saturday","L5","12:40 - 01:35","Fundamentals of Intelligent & Autonomous Systems","Mr. Ankur Jain","ALL","A-108","1"
"'2026-10-03","Saturday","L6","01:35 - 02:30","Technical Training - Advance Programming in C","Mr. Rahul Panda","ALL","A-108","1"
"'2026-10-03","Saturday","L7","02:30 - 03:25","PROPS","PROPS Activity Coordinator","ALL","-","1"
"'2026-10-03","Saturday","L8","03:25 - 04:20","PROPS","PROPS Activity Coordinator","ALL","-","1"
"'2026-10-05","Monday","L1","09:00 - 09:55","Technical Training - Advance Programming in C","Mr. Rahul Panda","ALL","A-108","1"
"'2026-10-05","Monday","L2","09:55 - 10:50","Environmental Studies-I","Mr. Akash Saini","ALL","A-108","1"
"'2026-10-05","Monday","L3","10:50 - 11:45","Basics of Computer and C Programming","Mrs. Ankita Singh Rana","ALL","A-108","1"
"'2026-10-05","Monday","L4","11:45 - 12:40","Lunch Break","-","ALL","-","1"
"'2026-10-05","Monday","L5","12:40 - 01:35","Slow & Fast Learner Classes","Section-D Faculty","ALL","-","1"
"'2026-10-05","Monday","L6","01:35 - 02:30","Environmental Studies-I","Mr. Akash Saini","ALL","A-108","1"
"'2026-10-05","Monday","L7","02:30 - 03:25","Communication & Professional Skills -I","Ms. Manvi Tyagi","ALL","A-108","1"
"'2026-10-05","Monday","L8","03:25 - 04:20","Mini Project-I","Mr. Rahul Panda","ALL","A-108","1"
"'2026-10-06","Tuesday","L1","09:00 - 09:55","Computational & Quantum Physics","Dr. Prosenjit Sarkar","ALL","A-108","1"
"'2026-10-06","Tuesday","L2","09:55 - 10:50","Self Study","-","Set-A","-","1"
"'2026-10-06","Tuesday","L2","09:55 - 10:50","Communication & Professional Skills -I","Ms. Manvi Tyagi","Set-B","B-302","1"
"'2026-10-06","Tuesday","L3","10:50 - 11:45","Basics of Computer and C Programming","Mrs. Ankita Singh Rana","ALL","A-108","1"
"'2026-10-06","Tuesday","L4","11:45 - 12:40","Lunch Break","-","ALL","-","1"
"'2026-10-06","Tuesday","L5","12:40 - 01:35","Basics of Computer and C Programming Lab","Mrs. Ankita Singh Rana","Set-A","E-303","1"
"'2026-10-06","Tuesday","L5","12:40 - 01:35","Front-End Web Development Lab","Mrs. Shilpy Sharma","Set-B","B-303","1"
"'2026-10-06","Tuesday","L6","01:35 - 02:30","Basics of Computer and C Programming Lab","Mrs. Ankita Singh Rana","Set-A","E-303","1"
"'2026-10-06","Tuesday","L6","01:35 - 02:30","Front-End Web Development Lab","Mrs. Shilpy Sharma","Set-B","B-303","1"
"'2026-10-06","Tuesday","L7","02:30 - 03:25","Computational Mathematics for Intelligent Systems","Dr. Monika","ALL","A-108","1"
"'2026-10-06","Tuesday","L8","03:25 - 04:20","Communication & Professional Skills -I","Ms. Manvi Tyagi","ALL","A-108","1"
"'2026-10-07","Wednesday","L1","09:00 - 09:55","Front-End Web Development Lab","Mrs. Shilpy Sharma","Set-A","E-307","1"
"'2026-10-07","Wednesday","L1","09:00 - 09:55","Computational & Quantum Physics Lab","Dr. Prosenjit Sarkar","Set-B","Physics Lab (E-106)","1"
"'2026-10-07","Wednesday","L2","09:55 - 10:50","Front-End Web Development Lab","Mrs. Shilpy Sharma","Set-A","E-307","1"
"'2026-10-07","Wednesday","L2","09:55 - 10:50","Computational & Quantum Physics Lab","Dr. Prosenjit Sarkar","Set-B","Physics Lab (E-106)","1"
"'2026-10-07","Wednesday","L3","10:50 - 11:45","Basics of Computer and C Programming","Mrs. Ankita Singh Rana","ALL","A-108","1"
"'2026-10-07","Wednesday","L4","11:45 - 12:40","Lunch Break","-","ALL","-","1"
"'2026-10-07","Wednesday","L5","12:40 - 01:35","Self Study","-","Set-A","-","1"
"'2026-10-07","Wednesday","L5","12:40 - 01:35","Basics of Computer and C Programming Lab","Mrs. Ankita Singh Rana","Set-B","E-303","1"
"'2026-10-07","Wednesday","L6","01:35 - 02:30","Self Study","-","Set-A","-","1"
"'2026-10-07","Wednesday","L6","01:35 - 02:30","Basics of Computer and C Programming Lab","Mrs. Ankita Singh Rana","Set-B","E-303","1"
"'2026-10-07","Wednesday","L7","02:30 - 03:25","PROPS","PROPS Activity Coordinator","ALL","-","1"
"'2026-10-07","Wednesday","L8","03:25 - 04:20","PROPS","PROPS Activity Coordinator","ALL","-","1"
"'2026-10-08","Thursday","L1","09:00 - 09:55","Front-End Web Development","Mrs. Shilpy Sharma","ALL","A-108","1"
"'2026-10-08","Thursday","L2","09:55 - 10:50","Communication & Professional Skills -I","Ms. Manvi Tyagi","Set-A","B-302","1"
"'2026-10-08","Thursday","L2","09:55 - 10:50","Self Study","-","Set-B","-","1"
"'2026-10-08","Thursday","L3","10:50 - 11:45","Fundamentals of Intelligent & Autonomous Systems","Mr. Ankur Jain","ALL","A-108","1"
"'2026-10-08","Thursday","L4","11:45 - 12:40","Lunch Break","-","ALL","-","1"
"'2026-10-08","Thursday","L5","12:40 - 01:35","Computational Mathematics for Intelligent Systems","Dr. Monika","ALL","A-108","1"
"'2026-10-08","Thursday","L6","01:35 - 02:30","Computational & Quantum Physics","Dr. Prosenjit Sarkar","ALL","A-108","1"
"'2026-10-08","Thursday","L7","02:30 - 03:25","Free Period","-","ALL","-","1"
"'2026-10-08","Thursday","L8","03:25 - 04:20","Technical Training - Advance Programming in C","Mr. Rahul Panda","ALL","A-108","1"
"'2026-10-09","Friday","L1","09:00 - 09:55","Computational & Quantum Physics Lab","Dr. Prosenjit Sarkar","Set-A","Physics Lab (E-106)","1"
"'2026-10-09","Friday","L1","09:00 - 09:55","Self Study","-","Set-B","-","1"
"'2026-10-09","Friday","L2","09:55 - 10:50","Computational & Quantum Physics Lab","Dr. Prosenjit Sarkar","Set-A","Physics Lab (E-106)","1"
"'2026-10-09","Friday","L2","09:55 - 10:50","Self Study","-","Set-B","-","1"
"'2026-10-09","Friday","L3","10:50 - 11:45","Computational Mathematics for Intelligent Systems","Dr. Monika","ALL","A-108","1"
"'2026-10-09","Friday","L4","11:45 - 12:40","Lunch Break","-","ALL","-","1"
"'2026-10-09","Friday","L5","12:40 - 01:35","Computational & Quantum Physics","Dr. Prosenjit Sarkar","ALL","A-109","1"
"'2026-10-09","Friday","L6","01:35 - 02:30","Fundamentals of Intelligent & Autonomous Systems","Mr. Ankur Jain","ALL","A-302","1"
"'2026-10-09","Friday","L7","02:30 - 03:25","Mentor Mentee Meeting (Set-M1)","Mr. Shivam","Set-A","A-009","1"
"'2026-10-09","Friday","L7","02:30 - 03:25","Mentor Mentee Meeting (Set-M2)","Mr. Vishal Parmar","Set-B","A-011","1"
"'2026-10-09","Friday","L8","03:25 - 04:20","Front-End Web Development","Mrs. Shilpy Sharma","ALL","A-108","1"

"--- SUMMARY ---",""
"Total Classes Queried:","129"
"Batch Queried:","ALL"
"Subject Queried:","ALL"
